-- MySQL dump 10.13  Distrib 5.7.24, for Linux (x86_64)
--
-- Host: 127.0.0.1    Database: eatshouse
-- ------------------------------------------------------
-- Server version	5.7.24-0ubuntu0.18.04.1

/*!40101 SET @OLD_CHARACTER_SET_CLIENT=@@CHARACTER_SET_CLIENT */;
/*!40101 SET @OLD_CHARACTER_SET_RESULTS=@@CHARACTER_SET_RESULTS */;
/*!40101 SET @OLD_COLLATION_CONNECTION=@@COLLATION_CONNECTION */;
/*!40101 SET NAMES utf8 */;
/*!40103 SET @OLD_TIME_ZONE=@@TIME_ZONE */;
/*!40103 SET TIME_ZONE='+00:00' */;
/*!40014 SET @OLD_UNIQUE_CHECKS=@@UNIQUE_CHECKS, UNIQUE_CHECKS=0 */;
/*!40014 SET @OLD_FOREIGN_KEY_CHECKS=@@FOREIGN_KEY_CHECKS, FOREIGN_KEY_CHECKS=0 */;
/*!40101 SET @OLD_SQL_MODE=@@SQL_MODE, SQL_MODE='NO_AUTO_VALUE_ON_ZERO' */;
/*!40111 SET @OLD_SQL_NOTES=@@SQL_NOTES, SQL_NOTES=0 */;

--
-- Table structure for table `category`
--

DROP TABLE IF EXISTS `category`;
/*!40101 SET @saved_cs_client     = @@character_set_client */;
/*!40101 SET character_set_client = utf8 */;
CREATE TABLE `category` (
  `id` int(11) NOT NULL AUTO_INCREMENT,
  `name` varchar(255) COLLATE utf8mb4_unicode_ci NOT NULL,
  PRIMARY KEY (`id`)
) ENGINE=InnoDB AUTO_INCREMENT=103 DEFAULT CHARSET=utf8mb4 COLLATE=utf8mb4_unicode_ci;
/*!40101 SET character_set_client = @saved_cs_client */;

--
-- Dumping data for table `category`
--

LOCK TABLES `category` WRITE;
/*!40000 ALTER TABLE `category` DISABLE KEYS */;
INSERT INTO `category` VALUES (97,'Petit déjeuner'),(98,'Dîner'),(99,'Souper'),(100,'Apéro'),(101,'Brunch'),(102,'Goûter');
/*!40000 ALTER TABLE `category` ENABLE KEYS */;
UNLOCK TABLES;

--
-- Table structure for table `image`
--

DROP TABLE IF EXISTS `image`;
/*!40101 SET @saved_cs_client     = @@character_set_client */;
/*!40101 SET character_set_client = utf8 */;
CREATE TABLE `image` (
  `id` int(11) NOT NULL AUTO_INCREMENT,
  `url` varchar(255) COLLATE utf8mb4_unicode_ci NOT NULL,
  `caption` varchar(255) COLLATE utf8mb4_unicode_ci NOT NULL,
  `product_id` int(11) DEFAULT NULL,
  PRIMARY KEY (`id`),
  KEY `IDX_C53D045F4584665A` (`product_id`),
  CONSTRAINT `FK_C53D045F4584665A` FOREIGN KEY (`product_id`) REFERENCES `product` (`id`)
) ENGINE=InnoDB AUTO_INCREMENT=218 DEFAULT CHARSET=utf8mb4 COLLATE=utf8mb4_unicode_ci;
/*!40101 SET character_set_client = @saved_cs_client */;

--
-- Dumping data for table `image`
--

LOCK TABLES `image` WRITE;
/*!40000 ALTER TABLE `image` DISABLE KEYS */;
INSERT INTO `image` VALUES (152,'https://lorempixel.com/640/480/?17895','Nihil sequi quos reiciendis quo quas necessitatibus.',51),(153,'https://lorempixel.com/640/480/?88087','Nihil commodi libero mollitia debitis fuga.',51),(154,'https://lorempixel.com/640/480/?48872','Hic cumque necessitatibus commodi temporibus est.',51),(155,'https://lorempixel.com/640/480/?47894','Error reiciendis ducimus at corrupti amet provident dolore.',52),(156,'https://lorempixel.com/640/480/?41451','Et non inventore mollitia.',52),(157,'https://lorempixel.com/640/480/?75769','Itaque quia dicta explicabo sit autem ipsam optio.',52),(158,'https://lorempixel.com/640/480/?31016','Eos harum porro ipsam quia est.',53),(159,'https://lorempixel.com/640/480/?93306','Officia aut culpa quas reiciendis impedit.',53),(160,'https://lorempixel.com/640/480/?97165','Cum amet excepturi qui et nam soluta.',54),(161,'https://lorempixel.com/640/480/?71893','Qui quia voluptates quia porro.',54),(162,'https://lorempixel.com/640/480/?88509','Voluptas ipsam perspiciatis ducimus ipsum quibusdam ad reprehenderit.',55),(163,'https://lorempixel.com/640/480/?47819','Autem dolor amet est qui voluptatem.',55),(164,'https://lorempixel.com/640/480/?93715','Quis rerum dolor voluptate similique quibusdam delectus voluptatem.',56),(165,'https://lorempixel.com/640/480/?46644','Optio in excepturi harum inventore.',56),(166,'https://lorempixel.com/640/480/?44587','Voluptatem dolorem nihil eum est repellendus eligendi.',56),(167,'https://lorempixel.com/640/480/?81166','Quia laborum quo sunt in.',57),(168,'https://lorempixel.com/640/480/?48675','Omnis aspernatur et sed qui.',57),(169,'https://lorempixel.com/640/480/?82218','Adipisci ad in et.',57),(170,'https://lorempixel.com/640/480/?39137','Molestias voluptas atque saepe quos.',58),(171,'https://lorempixel.com/640/480/?62127','Qui omnis rerum labore sed.',58),(172,'https://lorempixel.com/640/480/?79741','Odio qui a distinctio aut aut natus nemo.',58),(173,'https://lorempixel.com/640/480/?59653','Officiis qui error quam qui porro dolorem sed.',59),(174,'https://lorempixel.com/640/480/?38477','Esse praesentium in nemo odio sit sit rem.',59),(175,'https://lorempixel.com/640/480/?52671','Ratione consequatur illo atque.',59),(176,'https://lorempixel.com/640/480/?61410','Provident id voluptas consequatur molestiae.',60),(177,'https://lorempixel.com/640/480/?14056','Deleniti aut laborum laudantium aut.',60),(178,'https://lorempixel.com/640/480/?48180','Numquam magnam culpa accusantium sapiente earum.',60),(179,'https://lorempixel.com/640/480/?76579','Aut nesciunt aliquam ea laborum asperiores aliquam.',61),(180,'https://lorempixel.com/640/480/?99180','Qui aut adipisci eos quia voluptas et culpa.',61),(181,'https://lorempixel.com/640/480/?10489','Nesciunt dolorum qui qui vel eum.',61),(182,'https://lorempixel.com/640/480/?50523','Dolorum corrupti quis labore totam minima qui ipsam.',62),(183,'https://lorempixel.com/640/480/?13172','Dolorum consequuntur dolores autem.',62),(184,'https://lorempixel.com/640/480/?36839','Eligendi ex aut a ratione commodi consequatur libero.',62),(185,'https://lorempixel.com/640/480/?66941','Explicabo est veniam quae magni unde.',63),(186,'https://lorempixel.com/640/480/?97248','Nemo est neque iusto qui.',63),(187,'https://lorempixel.com/640/480/?69330','Odio vel et maxime illum molestias.',63),(188,'https://lorempixel.com/640/480/?82193','Tenetur omnis provident corrupti ut ducimus culpa sequi explicabo.',64),(189,'https://lorempixel.com/640/480/?62476','Libero recusandae sit quia voluptas.',64),(190,'https://lorempixel.com/640/480/?52544','Sapiente expedita iusto corporis.',65),(191,'https://lorempixel.com/640/480/?66568','Neque occaecati dolores nihil harum perferendis quo consectetur.',65),(192,'https://lorempixel.com/640/480/?94190','Officia sit maxime eaque provident.',65),(193,'https://lorempixel.com/640/480/?48507','Est provident modi perspiciatis nam est voluptatem.',66),(194,'https://lorempixel.com/640/480/?19212','Amet mollitia iure ut mollitia voluptas beatae in adipisci.',66),(195,'https://lorempixel.com/640/480/?74559','Ipsam est quidem mollitia.',67),(196,'https://lorempixel.com/640/480/?46524','Vel a ad qui et.',67),(197,'https://lorempixel.com/640/480/?21795','Dolorem corporis commodi explicabo possimus illo et voluptatibus et.',67),(198,'https://lorempixel.com/640/480/?92119','Animi excepturi consectetur blanditiis ut.',68),(199,'https://lorempixel.com/640/480/?76183','Velit amet alias aut modi cupiditate.',68),(200,'https://lorempixel.com/640/480/?47116','Aut qui in eos qui laudantium.',68),(201,'https://lorempixel.com/640/480/?80342','Id aut necessitatibus nihil consequuntur eligendi impedit.',69),(202,'https://lorempixel.com/640/480/?17085','Optio omnis non odit nesciunt accusantium ex tempora et.',69),(203,'https://lorempixel.com/640/480/?34647','Consequatur fuga deserunt sint ullam ducimus enim.',69),(204,'https://lorempixel.com/640/480/?35618','In possimus ipsam pariatur rerum quae voluptatem similique repellat.',70),(205,'https://lorempixel.com/640/480/?40300','Corporis ea iste voluptas repudiandae eius doloremque ut.',70),(206,'https://lorempixel.com/640/480/?61652','Velit iste et accusantium omnis.',71),(207,'https://lorempixel.com/640/480/?19881','Voluptatem nobis nostrum a aperiam saepe minima.',71),(208,'https://lorempixel.com/640/480/?38952','Id nam maiores odio quas aspernatur modi vitae quo.',72),(209,'https://lorempixel.com/640/480/?73607','Adipisci et tempora perspiciatis mollitia eaque.',72),(210,'https://lorempixel.com/640/480/?21136','Eligendi atque rem ab doloremque voluptatem.',73),(211,'https://lorempixel.com/640/480/?29176','Aut sit dignissimos accusantium sit molestiae in vel.',73),(212,'https://lorempixel.com/640/480/?77989','Recusandae sed tempore reiciendis velit explicabo aliquid.',74),(213,'https://lorempixel.com/640/480/?62018','Commodi provident repellendus necessitatibus corrupti omnis quia voluptatem tenetur.',74),(214,'https://lorempixel.com/640/480/?68177','Voluptates qui deserunt error.',74),(215,'https://lorempixel.com/640/480/?56661','Ut ipsam ea ratione molestias beatae dolorum.',75),(216,'https://lorempixel.com/640/480/?53294','Sapiente ut facere officiis molestias suscipit commodi animi.',75),(217,'https://lorempixel.com/640/480/?20346','Officiis officia ratione quas eligendi consequuntur.',75);
/*!40000 ALTER TABLE `image` ENABLE KEYS */;
UNLOCK TABLES;

--
-- Table structure for table `location`
--

DROP TABLE IF EXISTS `location`;
/*!40101 SET @saved_cs_client     = @@character_set_client */;
/*!40101 SET character_set_client = utf8 */;
CREATE TABLE `location` (
  `id` int(11) NOT NULL AUTO_INCREMENT,
  `address` varchar(255) COLLATE utf8mb4_unicode_ci NOT NULL,
  `latitude` double NOT NULL,
  `longitude` double NOT NULL,
  `user_id` int(11) DEFAULT NULL,
  PRIMARY KEY (`id`),
  UNIQUE KEY `UNIQ_5E9E89CBA76ED395` (`user_id`),
  CONSTRAINT `FK_5E9E89CBA76ED395` FOREIGN KEY (`user_id`) REFERENCES `user` (`id`)
) ENGINE=InnoDB AUTO_INCREMENT=25 DEFAULT CHARSET=utf8mb4 COLLATE=utf8mb4_unicode_ci;
/*!40101 SET character_set_client = @saved_cs_client */;

--
-- Dumping data for table `location`
--

LOCK TABLES `location` WRITE;
/*!40000 ALTER TABLE `location` DISABLE KEYS */;
INSERT INTO `location` VALUES (1,'83, avenue Lucie Alexandre\n20 523 Laine',-18.611978,-56.410507,111),(2,'401, place de Collin\n52012 Seguin',-45.785466,119.392439,112),(3,'33, chemin Georges Leroy\n73934 Roy',-41.34903,-7.577364,113),(4,'61, impasse de Mace\n33 787 Hamon',-35.023305,116.158799,114),(5,'52, avenue Bailly\n57 091 Texier',6.760286,18.268985,115),(6,'120, avenue Vaillant\n24952 Goncalves-la-Forêt',27.232742,-111.009948,116),(7,'rue de Buisson\n15302 LacroixVille',47.41373,-90.836088,117),(8,'93, chemin Amélie Marion\n60584 ColletBourg',-17.246644,-51.435232,118),(9,'impasse Gabrielle Rousseau\n82 265 Pinto-sur-Marin',-8.121867,19.944624,119),(10,'209, chemin de Masse\n71348 Leveque',13.846284,155.450294,120),(11,'44, rue de Hubert\n32 720 Moreau-sur-Besnard',5.297522,-108.868424,121),(12,'19, chemin Etienne\n22886 Martel-sur-Tanguy',89.350948,-55.591094,122),(13,'20, place Jacques Briand\n04638 Philippe-la-Forêt',81.052227,43.612993,123),(14,'67, impasse Turpin\n48483 Lebreton-sur-Delorme',34.710505,51.42568,124),(15,'911, avenue Julien Levy\n36199 Lebrundan',78.922083,38.454418,125),(16,'rue de Paris\n60 930 Pasquier',84.899138,110.535717,126),(17,'58, rue Delmas\n77 011 Charrier-sur-Rossi',-16.349072,-49.775549,127),(18,'3, place de Munoz\n80 000 Fouquetdan',32.142675,-169.48452,128),(19,'201, rue de Menard\n53953 Blot',11.512991,-37.896207,129),(20,'87, place de Hernandez\n92309 Lamy',88.374641,-12.073041,130),(21,'36, rue Fabre\n42 110 Boulaynec',40.238816,-109.09956,131),(22,'4, boulevard de Carpentier\n18 429 Lacroixnec',-34.456018,-136.189365,132),(23,'6, avenue Daniel\n45 454 Regnier-la-Forêt',82.443839,136.414124,133),(24,'19, chemin Jourdan\n60102 Allard',62.455173,-108.119149,134);
/*!40000 ALTER TABLE `location` ENABLE KEYS */;
UNLOCK TABLES;

--
-- Table structure for table `migration_versions`
--

DROP TABLE IF EXISTS `migration_versions`;
/*!40101 SET @saved_cs_client     = @@character_set_client */;
/*!40101 SET character_set_client = utf8 */;
CREATE TABLE `migration_versions` (
  `version` varchar(255) COLLATE utf8_unicode_ci NOT NULL,
  PRIMARY KEY (`version`)
) ENGINE=InnoDB DEFAULT CHARSET=utf8 COLLATE=utf8_unicode_ci;
/*!40101 SET character_set_client = @saved_cs_client */;

--
-- Dumping data for table `migration_versions`
--

LOCK TABLES `migration_versions` WRITE;
/*!40000 ALTER TABLE `migration_versions` DISABLE KEYS */;
INSERT INTO `migration_versions` VALUES ('20190108141211'),('20190108142350'),('20190108143213');
/*!40000 ALTER TABLE `migration_versions` ENABLE KEYS */;
UNLOCK TABLES;

--
-- Table structure for table `product`
--

DROP TABLE IF EXISTS `product`;
/*!40101 SET @saved_cs_client     = @@character_set_client */;
/*!40101 SET character_set_client = utf8 */;
CREATE TABLE `product` (
  `id` int(11) NOT NULL AUTO_INCREMENT,
  `user_id` int(11) DEFAULT NULL,
  `title` varchar(255) COLLATE utf8mb4_unicode_ci NOT NULL,
  `description` longtext COLLATE utf8mb4_unicode_ci NOT NULL,
  `price` double NOT NULL,
  `category_id` int(11) NOT NULL,
  PRIMARY KEY (`id`),
  KEY `IDX_D34A04ADA76ED395` (`user_id`),
  KEY `IDX_D34A04AD12469DE2` (`category_id`),
  CONSTRAINT `FK_D34A04AD12469DE2` FOREIGN KEY (`category_id`) REFERENCES `category` (`id`),
  CONSTRAINT `FK_D34A04ADA76ED395` FOREIGN KEY (`user_id`) REFERENCES `user` (`id`)
) ENGINE=InnoDB AUTO_INCREMENT=76 DEFAULT CHARSET=utf8mb4 COLLATE=utf8mb4_unicode_ci;
/*!40101 SET character_set_client = @saved_cs_client */;

--
-- Dumping data for table `product`
--

LOCK TABLES `product` WRITE;
/*!40000 ALTER TABLE `product` DISABLE KEYS */;
INSERT INTO `product` VALUES (51,111,'Qui praesentium inventore architecto vitae vitae placeat cupiditate ducimus.','<p>Aliquam nisi perspiciatis ex asperiores quia sint aut. Minima facere adipisci esse. Dolor occaecati nulla et nemo est dolorem facilis.</p><p>Dolores et sunt quasi reiciendis modi voluptatum occaecati. Quaerat error accusantium ut sed et delectus nulla culpa. Omnis sunt voluptatum dicta natus optio molestiae corrupti. Velit rerum tenetur expedita voluptatem sapiente est.</p><p>Asperiores qui dolores illum sed et doloribus quia. Earum adipisci voluptate in facilis animi eum. Accusantium voluptatem est porro sit error. Sint libero dolores ipsum fugiat.</p>',72,97),(52,112,'Cupiditate sit soluta vitae voluptate est.','<p>Quia numquam ad ut voluptatem occaecati omnis voluptatum nobis. Culpa voluptas dolores ut voluptatem laborum omnis eveniet. Facilis sit et sunt nihil. Autem nam nesciunt ut deleniti.</p><p>Necessitatibus voluptatem dolores aperiam eum sint. Non quia soluta quae fugiat veniam et. Et ut ut dolores id est laboriosam.</p><p>Non quas sed voluptatem nesciunt ab. Natus inventore maxime minima. Et maiores rerum perspiciatis autem aut molestiae.</p>',354,102),(53,113,'Omnis consequatur dolorem sunt est magnam.','<p>Quaerat similique aut nihil soluta. Omnis sunt ea corrupti nulla consequatur et ut quam. Qui ex dignissimos sit temporibus nihil est.</p><p>In commodi et nihil consequuntur est placeat fugiat. Est placeat fugiat perferendis distinctio. Et aut voluptatem libero harum pariatur inventore. Aut natus eius exercitationem aut aliquid nobis eos.</p><p>Deleniti saepe minima ratione ut. Sunt est iure delectus rerum perspiciatis neque enim. Voluptas nihil qui fugiat molestiae aut quasi dolorem.</p>',40,98),(54,114,'Et eius vel doloremque nostrum.','<p>Qui quo qui porro. Voluptatum sequi mollitia quia et. Voluptas rerum magnam enim. Minus eos dolorem quos earum aut facilis nam.</p><p>Molestiae culpa et omnis culpa nobis qui. Ullam repudiandae sint eos quia ratione in. Iure aut in laboriosam et illum.</p><p>Minima omnis voluptatem quod minima explicabo et consectetur. Illo unde voluptate quam possimus necessitatibus omnis. Repellat nulla cum nisi.</p>',49,100),(55,115,'Quibusdam sed voluptatem ut qui.','<p>Aut possimus facilis ea facilis ullam ullam quia. Nostrum non praesentium animi nesciunt eveniet aliquid sint. Voluptas quisquam consequuntur ea omnis et adipisci. Rem velit fugit possimus qui vitae esse nihil.</p><p>Voluptatem ab provident debitis eaque. Eum a delectus tenetur consequuntur magni nam ut. Dolores ab autem ullam et qui quis tempora.</p><p>Voluptatem qui sit error eum delectus mollitia. Incidunt sed numquam sapiente. Et iste eum asperiores.</p>',334,101),(56,116,'Rem accusamus facere eligendi minima officiis ut fugiat.','<p>Qui architecto impedit officiis ad. Eos non voluptatem quae et. Et sint eum est nihil qui impedit esse unde. Perferendis iusto ut consequatur explicabo fuga mollitia pariatur. Voluptatem ex nobis veritatis reprehenderit facere eum.</p><p>Rerum nesciunt natus nobis officiis deserunt eligendi ipsam. Aliquam recusandae voluptas aut architecto exercitationem necessitatibus. Occaecati ea amet consectetur facilis nulla rerum. Enim autem omnis qui fugiat aliquam.</p><p>Quo possimus iste maiores aut nemo. Ad consequatur culpa temporibus et. Qui at minus dolorem ut impedit eos. Qui quos et expedita quod eos.</p>',52,99),(57,117,'Ut ab et neque tenetur.','<p>Quasi dolorem vel et quod aut quia. Quia quae perspiciatis rem in eum voluptatem quo. Quibusdam adipisci quae ipsam molestiae repellat a vero. Aliquam modi in vitae sed laborum molestias hic.</p><p>Illum repudiandae maiores ut assumenda. Eum qui vel eius minima. Quisquam quam animi ut temporibus suscipit quam. Itaque atque iste fuga possimus quos sit voluptatem. Quia et rerum et.</p><p>Nulla hic magnam hic aliquam id sed. Eaque ipsum sit expedita sint et consequuntur occaecati. Consequatur eos odio sint id est alias minus. Non nihil sequi vero at placeat omnis.</p>',120,100),(58,118,'Repellat inventore voluptas mollitia cumque.','<p>Et reprehenderit commodi aut culpa sed odit et. Sed adipisci architecto rerum dolore culpa minus. Illo unde laborum non mollitia pariatur ipsam.</p><p>Quaerat itaque nisi esse. Et et at nulla provident dolorem dolorem. Distinctio at vero est neque porro sequi cum.</p><p>Maiores cum neque adipisci est. Dolor possimus exercitationem consectetur quia quod laudantium omnis. Aliquam sit et molestiae recusandae enim qui repudiandae corrupti.</p>',220,98),(59,119,'Et amet ducimus qui libero.','<p>Rerum laborum aliquam voluptas aut omnis suscipit excepturi. Blanditiis laboriosam facilis qui. Error magni ut sunt eveniet fugit consequuntur et. Quia eos sunt et tempora.</p><p>Voluptas consequatur quidem voluptatum voluptatum. Aliquid ut sed in quae et. Enim quibusdam aut ex veritatis molestiae quis.</p><p>Qui rerum qui vero beatae. Beatae ut atque excepturi tempore praesentium et.</p>',225,102),(60,120,'Omnis et neque iusto omnis facilis nemo.','<p>Quia et debitis facere dolor. Dolor esse aliquid et necessitatibus consectetur. Enim ut fugit blanditiis et. Et cum inventore commodi consectetur magni consequatur.</p><p>Et quia aut enim nulla. Voluptatem dignissimos quia eos reiciendis. Molestiae ut cupiditate dolorum ex. Ratione vitae beatae ut fugiat. Consequatur perferendis aspernatur dolores autem facilis.</p><p>Rerum et laboriosam a deserunt eos nobis sed. Quisquam vel dolorem consequatur accusantium vel et voluptatem non. Recusandae expedita at totam quia provident sed tempore.</p>',312,97),(61,121,'Iusto iusto consectetur praesentium laudantium velit placeat vero.','<p>Et quo est soluta vitae. Nihil voluptatem officia voluptatem eaque est molestiae. Iste vel deserunt sit omnis ad et.</p><p>Sapiente sunt laborum et laborum laudantium id laborum. Minus recusandae non consequatur impedit nisi rem ipsum voluptate. Quia quo architecto itaque sit.</p><p>Accusamus eligendi quo quod voluptas porro. In incidunt quisquam eos laudantium quam voluptatibus voluptatum. Voluptatem aliquam totam sit illo deserunt dolorem. Esse omnis est eligendi in.</p>',398,102),(62,122,'Quo cumque voluptates saepe assumenda illo ratione.','<p>Saepe reiciendis deleniti voluptatem dolorem ipsum. Laborum iste ducimus et aspernatur. Ullam voluptatem asperiores rerum ut dolores.</p><p>Ea et quis voluptatem totam aut quo ipsum amet. Accusantium aut eos officiis eligendi. Voluptatem ullam a tenetur libero.</p><p>Excepturi aut error rerum aut aliquid maxime esse quaerat. Explicabo ea totam ad. Delectus aut dolore nulla.</p>',141,98),(63,123,'Natus quis omnis molestiae repudiandae molestiae.','<p>Facilis aliquid dolore et sapiente. Repellendus optio neque ducimus voluptatem sequi impedit cumque. Iste qui voluptas saepe.</p><p>Hic ea laboriosam qui. Rerum minima similique suscipit dolorem quis eius iusto. Distinctio laudantium nostrum nesciunt molestias aut. Sit eligendi ex culpa aliquam velit tempora.</p><p>Corrupti est provident mollitia consectetur earum. Sit doloremque blanditiis vel cupiditate blanditiis distinctio nisi. Dolores ex ad facilis aut sunt. Id qui molestias dolor corporis nisi.</p>',352,101),(64,124,'Quibusdam numquam sed pariatur consequatur nesciunt laudantium vitae.','<p>Quasi adipisci porro praesentium. Magni aliquid velit repellat aut illum beatae non sit. Quis reiciendis quia minima. Id quae assumenda est aperiam. Enim accusamus sunt distinctio.</p><p>Dolor consequuntur neque quaerat aut quae sunt eligendi. Corporis molestiae hic voluptatum autem rerum odit. Omnis et non consectetur et ea fuga deleniti.</p><p>Dolor perferendis fugit qui sed sint dignissimos numquam. Aut culpa iste cumque reiciendis. Facilis totam sapiente in. Beatae quia nulla facilis laborum asperiores ut consequatur dolor. Est et cum sit possimus doloremque quia.</p>',122,100),(65,125,'Debitis dolores quaerat officiis optio exercitationem laborum et adipisci.','<p>Sit vel natus velit similique. Omnis facilis harum dolores eum veniam voluptatem sunt repellendus. Atque quo numquam nisi ut molestias dolores. Eaque molestiae perferendis dolorem mollitia quis. Qui quibusdam nostrum quam officiis.</p><p>Et aut porro molestiae perferendis accusantium quisquam eos ut. Sed qui voluptatem sit non consequuntur.</p><p>Omnis voluptates ut quo sequi dolores. Incidunt fugit voluptate distinctio.</p>',271,100),(66,126,'Eos vitae qui qui eos aliquam dolorem voluptatem.','<p>Velit voluptas molestiae excepturi libero est. Minima est aperiam quibusdam exercitationem. Sit sed amet quis quo. Impedit et aut nulla magnam quam.</p><p>Fugiat dignissimos consequatur possimus corporis nesciunt qui animi. At numquam sapiente eius necessitatibus. Ad nihil inventore dicta optio rerum libero.</p><p>Quia placeat voluptas laboriosam. Aperiam consequatur officia quod et qui veniam. Est quasi numquam dolorum dolorem.</p>',349,102),(67,127,'Ratione cum sed autem minima fugiat voluptas ut qui.','<p>Quo ipsa illo et voluptatum quaerat aliquam. In minus sint qui dignissimos. Blanditiis nemo eveniet laborum voluptatem quia sapiente sit.</p><p>Architecto doloribus quas molestiae vero nihil facere minima. Quasi similique numquam provident occaecati ut. Dolores minus rerum et est similique quibusdam dignissimos. Placeat debitis modi incidunt molestiae maxime itaque omnis rerum.</p><p>Autem corrupti velit itaque optio. Ut neque aperiam unde voluptatem recusandae ut. Voluptatum aut velit quis. Et voluptas est vitae ratione eum odit porro.</p>',351,97),(68,128,'Corrupti porro et exercitationem.','<p>Odio quisquam sed accusantium velit et excepturi maxime. In minima earum voluptatem dolorum facere. Nostrum officia modi unde magni unde et aperiam.</p><p>Ad distinctio voluptate assumenda. Iste suscipit itaque facilis culpa. Qui deserunt molestiae voluptatem officia adipisci officia.</p><p>Quaerat ipsa et voluptatem enim. Aliquam quis dolores sit ut et eos. Ut voluptas quod modi asperiores vero. Asperiores sequi ipsum ut odit.</p>',298,100),(69,129,'Praesentium rem sunt quibusdam dolor a repellat atque illum.','<p>Natus voluptatum et quia non fugiat. Voluptatibus rerum aliquam et quaerat et omnis. Qui est odio ipsam rem nihil similique. Molestiae ullam suscipit sit accusamus.</p><p>Eum rem autem nulla commodi repudiandae excepturi error. Placeat minima qui quasi. Aliquam explicabo voluptatem rerum id earum unde. Voluptatem fuga qui et eveniet aliquid tempora reprehenderit ut.</p><p>Molestiae qui ipsa facere blanditiis occaecati impedit. Facere veniam numquam facere ut. Id eius delectus nisi corrupti aspernatur quibusdam eveniet autem. Dolorum ut vitae delectus non voluptas qui.</p>',334,98),(70,130,'Sapiente nemo quam itaque voluptas sed necessitatibus.','<p>Delectus aut necessitatibus architecto enim. Consequatur aut ab doloremque numquam. Eaque laudantium est odio distinctio repudiandae.</p><p>Vitae maxime minima est fuga id. Laudantium eos sequi sit. Id aliquid vitae quo pariatur esse magni laudantium.</p><p>Beatae voluptatibus quam cupiditate architecto voluptas. Nobis laudantium pariatur harum architecto deserunt soluta laudantium.</p>',81,98),(71,131,'Natus repudiandae officiis sed est totam aliquid numquam deserunt.','<p>Quibusdam quam unde magni eos sint sed. Doloribus voluptatem dolorem dolores placeat sequi corrupti. Autem omnis magnam eos dolore qui.</p><p>Qui dolores illum doloremque voluptatibus neque. Qui porro architecto sunt. Voluptatem dolores excepturi accusamus id iste adipisci. Nulla veniam repudiandae voluptas sit nostrum. Itaque eveniet at iure fugit ex expedita aperiam.</p><p>Ipsa eligendi omnis voluptatibus ullam dolores. Rerum eum nobis rerum libero natus. Laborum dolores omnis eligendi nihil reiciendis. Esse et porro odio quisquam hic dignissimos cumque sit.</p>',317,102),(72,132,'Nihil quo dolorum sed.','<p>Atque pariatur laudantium qui rerum. Est sed eveniet quia qui. Ex consequatur quaerat quis a quam praesentium. Iusto excepturi sequi laudantium aut ut assumenda suscipit.</p><p>Corrupti inventore dolorem qui est numquam. Nulla doloribus dolor sint et et aspernatur omnis corrupti. Repellendus reprehenderit blanditiis voluptate incidunt qui sint. Dolor repudiandae autem quas nesciunt excepturi.</p><p>Qui tempora ipsum quaerat iusto consequatur voluptates exercitationem. Perspiciatis facere et sunt. Qui placeat consequatur ab consectetur aliquid in ut. Illo cupiditate dolor voluptatem eos laudantium enim. Eaque fugit ipsam reprehenderit sit nesciunt.</p>',248,99),(73,133,'Est saepe voluptas sed quibusdam perspiciatis nihil.','<p>Neque aut eius minima nihil excepturi. Consequatur impedit odio ullam impedit fugiat dolor. Et a dolorem dolorem pariatur rerum nihil in.</p><p>Provident ut dolore quos iusto quod occaecati magni. Non consectetur eum consequatur mollitia. Unde non est laudantium temporibus.</p><p>Optio omnis quia eos dolor. Et commodi reprehenderit sed quam explicabo sunt. Nulla distinctio nemo unde occaecati excepturi.</p>',346,102),(74,134,'Ratione qui ea sed accusantium.','<p>Sit excepturi aut porro non consectetur assumenda eos. Quo vitae sit ullam eaque architecto sunt. Cupiditate nihil nobis pariatur. Omnis dolore et pariatur error.</p><p>Dolor adipisci aperiam ducimus dicta ducimus. Itaque reiciendis distinctio voluptatum porro saepe. Eius consequatur voluptatem possimus itaque velit qui et modi. Omnis enim voluptas harum.</p><p>Maxime atque voluptatem ut omnis quo est. Omnis consequuntur vel nesciunt perferendis enim aliquid. Minima non et at qui atque qui voluptas aspernatur. Aut odit quam dolores laboriosam.</p>',238,101),(75,135,'Sequi quisquam voluptas in soluta eius est.','<p>Omnis quae nemo voluptatem ea. Amet assumenda illum fugit quo corrupti et error aut. Eveniet quibusdam adipisci labore magnam amet sit. Possimus laboriosam perspiciatis sed minima eum maiores at.</p><p>Ut aut saepe dolores ea ipsum quidem. Architecto repellendus dolor aut quaerat qui. Maxime dolores et nostrum a et corrupti consequuntur deserunt.</p><p>Voluptatem error quisquam vero est tempore id voluptatem. Quasi cum aut optio est voluptas quos quaerat.</p>',198,98);
/*!40000 ALTER TABLE `product` ENABLE KEYS */;
UNLOCK TABLES;

--
-- Table structure for table `user`
--

DROP TABLE IF EXISTS `user`;
/*!40101 SET @saved_cs_client     = @@character_set_client */;
/*!40101 SET character_set_client = utf8 */;
CREATE TABLE `user` (
  `id` int(11) NOT NULL AUTO_INCREMENT,
  `login` varchar(255) COLLATE utf8mb4_unicode_ci NOT NULL,
  `password` varchar(255) COLLATE utf8mb4_unicode_ci NOT NULL,
  `email` varchar(255) COLLATE utf8mb4_unicode_ci NOT NULL,
  `phone` varchar(255) COLLATE utf8mb4_unicode_ci DEFAULT NULL,
  `roles` json NOT NULL,
  `introduction` varchar(255) COLLATE utf8mb4_unicode_ci NOT NULL,
  `picture` varchar(255) COLLATE utf8mb4_unicode_ci NOT NULL,
  PRIMARY KEY (`id`)
) ENGINE=InnoDB AUTO_INCREMENT=136 DEFAULT CHARSET=utf8mb4 COLLATE=utf8mb4_unicode_ci;
/*!40101 SET character_set_client = @saved_cs_client */;

--
-- Dumping data for table `user`
--

LOCK TABLES `user` WRITE;
/*!40000 ALTER TABLE `user` DISABLE KEYS */;
INSERT INTO `user` VALUES (111,'Luc','$2y$13$SnQ.0sKul3qR99Tx5MaMbu/Pt6xmEOTDSuCUvtQzaQt35UYx0HHiS','bpires@fabre.fr','+33 (0)8 92 63 81 86','[\"ROLE_HOST\"]','Mollitia fugit aut itaque.','https://randomuser.me/api/portraits/men/96.jpg'),(112,'Benjamin','$2y$13$8nTZu4R/5bmeElBGwm3fwOpYb8H1zy80YDrw.Mxerecz2o8zuhz5m','edouard27@blanchard.fr','03 12 18 36 26','[\"ROLE_ADMIN\"]','Nulla temporibus beatae minima ea debitis iusto voluptates.','https://randomuser.me/api/portraits/men/43.jpg'),(113,'Marcel','$2y$13$17d8T5gsjIttRAkKBTR2Z.N6mJLxBYZEzkyOhfrtxSY4uhbFr/p/i','ehamon@sanchez.org','07 78 92 72 94','[\"ROLE_HOST\"]','Soluta qui illo minima facilis rerum.','https://randomuser.me/api/portraits/men/62.jpg'),(114,'Agathe','$2y$13$jB6rjiAzwvEmd33JzHwbHOfkzmS3zpiYJVpeG4D8/C/PJ9A.yBVKa','anne34@sfr.fr','+33 (0)1 41 55 87 79','[\"ROLE_ADMIN\"]','Esse reprehenderit velit non veniam.','https://randomuser.me/api/portraits/women/8.jpg'),(115,'Gérard','$2y$13$EDfHrbd0ueMRWXJCIw62EOJiWqcJwUj5TsjVyiWpEDdyXqj/pU82C','dorothee.ledoux@noos.fr','+33 4 70 19 21 13','[\"ROLE_HOST\"]','Cumque quos eum consectetur incidunt explicabo eaque.','https://randomuser.me/api/portraits/men/36.jpg'),(116,'Colette','$2y$13$.0HGLu83myYFAMuIwZ9EaeP1wIlPVihrjLRRr322E1il0vDrlj5oq','hpereira@blanc.fr','+33 2 13 56 15 34','[\"ROLE_ADMIN\"]','Neque dolore nobis autem ut.','https://randomuser.me/api/portraits/women/45.jpg'),(117,'Audrey','$2y$13$i6W1aY/hJ2BNN4Msq3Ju2uFMTtpyTkWCJ26lSD5CK..TVJahWo4qy','thierry.elise@paris.fr','01 34 61 02 36','[\"ROLE_ADMIN\"]','Rerum itaque sit qui ipsam.','https://randomuser.me/api/portraits/women/12.jpg'),(118,'Alfred','$2y$13$h1LE9GjlWUmXLZQDVCVdl.u1dO3RNYOsu7Kc.0k0wJgHnhJkfpTmq','christophe71@laine.net','03 89 80 14 01','[\"ROLE_ADMIN\"]','Est magnam laborum dolor dicta eius.','https://randomuser.me/api/portraits/men/91.jpg'),(119,'Susan','$2y$13$zbyw0Yo29pe4EV/EfPJ7lOiAmLvJXdj45CebpaAiMF4b8qfmrTxVq','cecile49@club-internet.fr','02 42 54 02 34','[\"ROLE_HOST\"]','Aliquid debitis vitae pariatur reprehenderit.','https://randomuser.me/api/portraits/women/14.jpg'),(120,'Noël','$2y$13$6FVS4Kq8a9Eq.X5klSAUr.NDccPoca7tzOxy1eJ3H0B1srXy9Zuqe','hoarau.bernard@marchand.fr','03 06 83 18 91','[\"ROLE_HOST\"]','Porro quasi quo corporis omnis consequatur qui cumque.','https://randomuser.me/api/portraits/men/86.jpg'),(121,'Guillaume','$2y$13$qSYNScN9.3bFc.m4NlGDlOxgdKB1VRYenY7SO5DBjpW2cepM4.KtG','adelaide.hardy@breton.fr','+33 8 28 48 81 22','[\"ROLE_HOST\"]','Soluta numquam optio doloribus sit soluta.','https://randomuser.me/api/portraits/men/12.jpg'),(122,'Grégoire','$2y$13$N9bTmmqSe4D2Yc1/VHz8z.0pKs8lAh6y2TwOO42PQpPDQ2vvr6Oni','sophie59@didier.org','05 83 39 24 09','[\"ROLE_HOST\"]','Sapiente eius quia velit enim quas velit iure.','https://randomuser.me/api/portraits/men/66.jpg'),(123,'Célina','$2y$13$pFs2WROJZOtl.Bq4UXzMAO/9HIl/5pBZgeSlokQcWgqRraBSABSFy','camus.laurence@yahoo.fr','+33 3 79 84 66 16','[\"ROLE_HOST\"]','Illo quis perferendis quas.','https://randomuser.me/api/portraits/women/10.jpg'),(124,'Adèle','$2y$13$eZkTuTSe3vxJjIBwpi8FFuISqsfw2rw6.4nbMKdzJHCjevk/RsyK2','suzanne22@laposte.net','0258466927','[\"ROLE_HOST\"]','Nesciunt occaecati quia culpa.','https://randomuser.me/api/portraits/women/61.jpg'),(125,'Marcel','$2y$13$L6yNhTZSin6RSIgYjVkVYuXLvqbV84ObmFv.m/25yYQjIcKovteUu','marques.victor@bouygtel.fr','+33 1 18 98 85 99','[\"ROLE_ADMIN\"]','Ullam numquam asperiores molestiae dicta nesciunt similique et.','https://randomuser.me/api/portraits/men/66.jpg'),(126,'Henriette','$2y$13$I1s5NVCQ7Hn.96doearZo.AXhlKYK9Al5cX/uDJj.gaWB8VXfB48G','martine79@voila.fr','+33 (0)1 38 34 32 93','[\"ROLE_ADMIN\"]','Officiis eum earum numquam.','https://randomuser.me/api/portraits/women/5.jpg'),(127,'Maurice','$2y$13$UhUDUUxb/7VgrT9Q/LEmou8zQ4ttEaXLvP9tmRlpfhuHh1wK6g4kO','amahe@club-internet.fr','+33 (0)1 50 77 78 47','[\"ROLE_HOST\"]','Amet et corrupti provident omnis.','https://randomuser.me/api/portraits/men/4.jpg'),(128,'Augustin','$2y$13$g9c59DMP72cawfdljKPyrOQQd49eYtzh9eXcx68ukTckornrI2HxO','delattre.timothee@lecomte.net','08 05 94 31 71','[\"ROLE_HOST\"]','Cum magni esse aliquam quasi neque.','https://randomuser.me/api/portraits/men/43.jpg'),(129,'Christophe','$2y$13$wm2ErW.R7T6J1Y5AVLdWPuoBDKvozDQQrhdvbuPqZ5viTqJegESTG','renee.adam@gerard.net','+33 5 11 33 17 49','[\"ROLE_ADMIN\"]','Nesciunt eaque velit nisi provident ad.','https://randomuser.me/api/portraits/men/70.jpg'),(130,'Tristan','$2y$13$AHrKuDKP6v3rCRx2I5iaUelT1xKCIBV3l8rHrXkRRm4.BmdnE6Hsa','lombard.marine@paul.fr','02 79 39 21 46','[\"ROLE_ADMIN\"]','Pariatur id voluptates doloribus fugit.','https://randomuser.me/api/portraits/men/40.jpg'),(131,'Stéphane','$2y$13$R2lWc8fV8i7KQ8STMBzPVOjCd95VCIjtpvGKumVX9oEB/DW5ee6DW','allain.emilie@ifrance.com','+33 8 09 20 18 08','[\"ROLE_ADMIN\"]','Fugiat sint vel non est modi.','https://randomuser.me/api/portraits/men/64.jpg'),(132,'Julien','$2y$13$gQce8Uu7uUm4Eap3FhiTeO3i0JnhA4pdCgZX5Kx01XlxAP9IH9EQm','wguilbert@voila.fr','0897266461','[\"ROLE_HOST\"]','Mollitia et illum dolore placeat quis iusto.','https://randomuser.me/api/portraits/men/42.jpg'),(133,'Nathalie','$2y$13$BiTRj54wtWzskRcmVv6EjObVBTS4RqCvgnwvUCN3qWO7yph9.VGvq','louis.guillou@sfr.fr','+33 3 18 05 07 45','[\"ROLE_HOST\"]','Perferendis dolor asperiores perferendis similique quidem et.','https://randomuser.me/api/portraits/women/62.jpg'),(134,'Hugues','$2y$13$TKLwpGp5.06EhzEeKBg1iObrNeEwRp4FZNLJeGs2UK0jIEc6EWYoG','andre08@leroux.com','+33 2 43 60 89 42','[\"ROLE_ADMIN\"]','Aut quia voluptatum quo dicta vitae nostrum dignissimos.','https://randomuser.me/api/portraits/men/14.jpg'),(135,'Amélie','$2y$13$V2g03BuN4Ek6IbY7TumHzOQIbwi4obCf4Up2rUrqqLEhXjYiAH89y','salmon.marianne@gmail.com','0187458305','[\"ROLE_ADMIN\"]','Reiciendis id harum omnis.','https://randomuser.me/api/portraits/women/17.jpg');
/*!40000 ALTER TABLE `user` ENABLE KEYS */;
UNLOCK TABLES;
/*!40103 SET TIME_ZONE=@OLD_TIME_ZONE */;

/*!40101 SET SQL_MODE=@OLD_SQL_MODE */;
/*!40014 SET FOREIGN_KEY_CHECKS=@OLD_FOREIGN_KEY_CHECKS */;
/*!40014 SET UNIQUE_CHECKS=@OLD_UNIQUE_CHECKS */;
/*!40101 SET CHARACTER_SET_CLIENT=@OLD_CHARACTER_SET_CLIENT */;
/*!40101 SET CHARACTER_SET_RESULTS=@OLD_CHARACTER_SET_RESULTS */;
/*!40101 SET COLLATION_CONNECTION=@OLD_COLLATION_CONNECTION */;
/*!40111 SET SQL_NOTES=@OLD_SQL_NOTES */;

-- Dump completed on 2019-01-09  8:31:32
